ISP,Psychz Networks
ISP,QuadraNet
ISP,Airtel Broadband
ISP,Airtel
ISP,Unified Layer
ISP,Leaseweb-usa-wdc
ISP,Unified Layer
ISP,Global Frag Networks
ISP,Psychz Networks
ISP,Northland Cable
ISP,Emerald Onion
ISP,Spectrum
ISP,ColoCrossing
CN,AR,Argentina
CN,TR,Turkey
CN,BR,Brazil
CN,VN,Vietnam
CN,TH,Thailand
CN,RU,Russia
CN,CZ,Czech Republic
CN,BB,Barbados
CN,UA,Ukraine
CN,CO,Colombia
CN,KE,Kenya
CN,PK,Pakistan
CN,ID,Indonesia
CN,QA,Qatar
CN,PL,Poland
CN,RO,Romania
CN,IQ,Iraq
CN,PT,Portugal
CN,MA,Morocco
CN,CN,China
CN,CN,ME,Montenegro
CN,MX,Mexico
CN,DZ,Algeria
CN,LK,Sri Lanka
CN,MM,Myanmar
CN,NA,Namibia
CN,OM,Oman
CN,AD,Andorra
CN,CD,Democratic Republic of the Congo
CN,EG,Egypt
CN,LY,Libya
CN,MN,Mongolia
CN,PA,Panama
CN,RS,Serbia
CN,SI,Slovenia
CN,AE,United Arab Emirates
CN,AZ,Azerbaijan
CN,BG,Bulgaria
CN,CL,Chile
CN,GH,Ghana
CN,LA,Laos
CN,MT,Malta
CN,PY,Paraguay
CN,SK,Slovakia
CN,TZ,Tanzania
CN,ZM,Zambia
